id,first_name,last_name,phone
1,Rogers,Carss,4925877189
2,Bat,Trippick,2211582591
3,Tani,Syphus,4904344977
4,Garwin,Shegog,3891466186
5,Marys,Granham,6268313488
6,Robbie,McEvon,5082241418
7,Orv,Maddison,6566924965
8,Phineas,Garatty,3095714245
9,Frederic,McPike,7466416409
10,Vincenty,McCullogh,8915389509
11,Ulric,Magee,9853076133
12,Dianna,Joss,3929112518
13,Flss,Robottham,7135274679
14,Donelle,Gopsill,3761512699
15,Lucas,Cashmore,3809547017
16,Nilson,Ruckert,6992929013
17,Martha,Stamp,4291163642
18,Aleen,Santori,8372804247
19,Clarance,Brian,7601523674
20,Yolanthe,Buesnel,1819740149
21,Modesta,Langhor,8318562207
22,Brantley,McTurk,4611709973
23,Halley,Linsley,3047577816
24,Kally,Alred,2668032086
25,Rosetta,Sinderson,9943179105
26,Lusa,Elmhirst,1395070063
27,Hersch,Betteson,3474638580
28,Eartha,Genney,9596924378
29,Vonnie,Edgeon,9059255100
30,Wilmer,Habershaw,6767175008
31,Renie,Deeson,8499564421
32,Agustin,Gehrtz,9187918521
33,Liz,Le Prevost,5607503208
34,Karna,Whorf,3707309303
35,Hayward,Najara,1662422062
36,Sven,Auty,4736594896
37,Arin,Kislingbury,4154350512
38,Thorny,Bremley,8876635052
39,Bartholomeus,Pilmer,7574066504
40,Stanislaus,Paley,7823397466
41,Gerek,Hills,4229477586
42,Ashleigh,Lax,4516926575
43,Colene,Hanner,4579993145
44,Claus,Shynn,5428702144
45,Leonie,Simionato,9804298461
46,Grissel,Tollow,3073681531
47,Mag,Grabb,1262880860
48,Edgardo,Aldersley,4543321852
49,Beatriz,Oldfield,7777612728
50,Verene,Madoc-Jones,5747742029
51,Maryrose,Crucetti,1687247672
52,Sharl,Brunton,7212431766
53,Durant,Devenport,6993921486
54,Brande,Tighe,8961813438
55,Elly,Fleeming,5309270923
56,Felice,Foulser,1449871599
57,Elihu,Pagitt,9579306301
58,Cristian,Soffe,4857651296
59,Tracie,Fihelly,8849113589
60,Benedetta,Harbinson,5404375714
61,Cly,Purrington,9737237603
62,Nicolais,Quantrell,1754159223
63,Westbrooke,Cabane,1499176369
64,Donnamarie,Cuseick,5318695779
65,Joshua,Beceril,2793879395
66,Doti,Duligall,2495986864
67,Christophe,Spanton,7712437924
68,Alfi,Pantridge,6571100113
69,Cathie,Flageul,2046558622
70,Anderson,Samper,6915122715
71,Eilis,Alwood,9775949422
72,Rogerio,Metschke,4436964048
73,Christan,Ferrucci,2331440485
74,Galen,GiacobbiniJacob,8269744796
75,Minnie,Seaman,9332127020
76,Abey,Durnford,6665126056
77,Beth,Lockner,3632131917
78,Gaylene,Westrey,2852683616
79,Gustaf,Tookey,5585464875
80,Eolande,Polland,3219482251
81,Nana,Allner,5764042786
82,Lambert,Almak,7168276392
83,Delinda,Cosgry,5096663319
84,Hollis,Longstaffe,7291741833
85,Wittie,Maunton,8385478727
86,Scotti,Prozillo,3222513578
87,Wilhelm,Roseblade,4555740487
88,Eldridge,Gorham,2048253153
89,Myrvyn,Widdowfield,9616582120
90,Agnola,Fawcett,8729200134
91,Vonni,Demonge,1199419086
92,Mitchel,Huff,3074552333
93,Welsh,Blazic,6279003010
94,Colas,Tersay,9613994702
95,Georg,Cafe,2771765497
96,Grannie,Beddon,3776820000
97,Lee,Chable,8971274686
98,Dael,Demongeot,2608730505
99,Joel,Clixby,7744602814
100,Hilary,Dunsmore,1798224171
101,Carolyne,Widdison,9477919753
102,Wolf,MacGiolla,8557956670
103,Milicent,Ingarfield,3309783396
104,Horatius,Arcase,9014980788
105,Bonni,Obington,7194714318
106,Renelle,Armfirld,5209071285
107,Felecia,Tresler,7702309321
108,Jason,Swinfon,6836583258
109,Baxie,Gigg,3878418995
110,Kathy,Whitemarsh,4002430982
111,Ulick,Hiers,4719025035
112,Cristie,Locard,5303327021
113,Dorie,McCrow,7778646296
114,Tessi,Barradell,3314669405
115,Verene,Urch,5041987577
116,Obed,Goodayle,1925021546
117,Fanchette,MacLese,5628232756
118,Neale,Vittle,8496704889
119,Rudd,D'Ambrosi,5762586636
120,Tremain,Tyne,9511102297
121,Rianon,Stigger,4907288748
122,Ema,Scrogges,9132676500
123,Boycie,Maccari,1438701555
124,Dionysus,Westley,8661875210
125,Selestina,Frude,8879961446
126,Ford,Barrat,1139841988
127,Rogerio,Gwalter,2825939171
128,Chris,Matlock,5584331231
129,Urbain,Durrington,1281369658
130,Gillan,Siggs,9824245787
131,Dita,Edbrooke,1024485390
132,Channa,Ellams,2542596079
133,Blakelee,Bercher,7677292120
134,Reid,Sausman,6937450217
135,Millie,Mithan,3146678099
136,Anett,Dyment,4156807098
137,Lynn,Jervis,5431675047
138,Willie,Rookeby,2959749488
139,Tome,Eastbury,3361800535
140,Kalina,Craiker,5414056993
141,Carmelle,Tander,2354364291
142,Garrick,Arnason,8367434921
143,Fabian,Hawkings,3013864109
144,Gui,Ganforthe,9029484800
145,Harriott,Demelt,8551827362
146,Garrett,Bickerdike,1296869488
147,Weston,Coghlin,6676609672
148,Arvin,Delepine,8275431644
149,Issy,Delaney,9841732474
150,Terry,Gaiford,7546776172
151,Ertha,Croneen,8741878189
152,Annie,Riche,4683961277
153,Ilka,Breyt,4421773931
154,Malena,Piper,7363488399
155,Anet,Pendergrast,2842368382
156,Phillipe,Marwood,2052552596
157,Myranda,Ramshaw,1224067672
158,Polly,Cutmere,6398465438
159,Archibald,Sowerby,4904707789
160,Agosto,Banaszkiewicz,4686575044
161,Drucie,Franchi,7033544739
162,Caro,Canby,2106463222
163,William,Duprey,6684832286
164,Tann,Mettetal,5653912857
165,Price,Cusworth,2976144223
166,Alfy,Novkovic,1281362993
167,Peter,Frensche,5597302253
168,Killian,Francesconi,2279094257
169,Mureil,Downey,4668921733
170,Shanda,Parsisson,1488628408
171,Nadya,Enticknap,8928221053
172,Jessie,De Coursey,8303458204
173,Dulce,Bordiss,3045043037
174,Marabel,Mouland,4192871847
175,Bart,Slorance,8128052099
176,Irita,Ballam,8379769281
177,Shaw,Blondin,3632033768
178,Dane,De Zamudio,4199671071
179,Robyn,Bonar,8192817559
180,Vlad,Tapsfield,6275468923
181,Verna,Klishin,4255425570
182,Maddi,Stoneham,1836026522
183,Pacorro,Gleave,6313408892
184,Thomas,Avrahm,1793923906
185,Corey,Prinne,8296155760
186,Marci,Ryall,5946420145
187,Kendall,Donnel,8728642580
188,Munmro,Gore,4178958958
189,Ellerey,Eddow,9862258276
190,Rina,Ivakin,8537972189
191,Raleigh,Jellyman,1614391827
192,Sonnie,Gummory,4408460614
193,Juana,Ennor,9931186224
194,Fiann,MacTurlough,3485181992
195,Alic,Copo,9602810599
196,Thedric,Tavernor,8423986366
197,Augustus,Lacelett,4107052310
198,Ricca,Crutchfield,3886049356
199,Gloria,Bartosek,7257288257
200,Blancha,Warbey,5006916871
201,Linn,Skalls,1138132423
202,Edyth,Golland,4416300073
203,Lyon,Linstead,9436639546
204,Luce,Rowes,6497481169
205,Keith,Dumbellow,3489135801
206,Rudyard,Troake,3742912584
207,Boniface,Trood,2647504529
208,Chrysa,Dutnell,8406675188
209,Antonino,Arnold,5202953109
210,Maxi,Chaffin,9584076300
211,Micah,Gerkens,9428712877
212,Alexi,Charlson,9842149727
213,Quinlan,Claiton,3124629883
214,Florina,Auty,7343187935
215,Fran,Batterson,6567718984
216,Rana,Brandenburg,5331356462
217,De,Estick,9556021592
218,Mickie,Bloore,3898414283
219,Debee,Elverston,7478187745
220,Byrann,Lothean,5224705149
221,Timothea,Ughelli,7026227106
222,Toni,Regnard,8161407836
223,Trey,Broomer,3983725124
224,Dalton,Ridgwell,6298516597
225,Mario,Cunio,9504783557
226,Xylina,Sans,1662799367
227,Angelika,Stenhouse,5737624474
228,Leanor,Smorthit,3623136032
229,Basile,Stocken,8827030418
230,Tully,Brambill,7085125038
231,Pavia,Seson,8737051564
232,Vicky,Redsull,9596567664
233,Aldridge,Hoofe,3788037755
234,Aprilette,Cowperthwaite,6519172689
235,Norbie,Petrillo,6833971738
236,Clair,Vardon,9664014854
237,Sapphire,Kegg,8875709440
238,Waly,Cersey,7537211746
239,Nadean,Baptiste,1669913060
240,Barnaby,Topley,5386396823
241,Jeth,Hirthe,3198657059
242,Marcel,Humble,4968279774
243,Jo,Esche,7079920726
244,Harrison,Millhill,3291531703
245,Natal,Decort,7647375745
246,Doris,Vigours,9421123485
247,Kissiah,Polhill,7142887418
248,Cobbie,Fruchon,6395575009
249,Simon,Durtnel,3572650447
250,Gusella,Noel,5849116252
251,Man,Canizares,2094413325
252,Corey,Hellyar,2638341878
253,Jake,Silverman,4754872274
254,Georgeanna,Edds,5405325421
255,Reid,Breton,5781499979
256,Cortie,Salatino,4728753089
257,Rasia,Hub,8344346281
258,Vivienne,McCarly,8898579952
259,Emily,Chalcroft,7232791405
260,Artie,Northwood,4211999659
261,Heindrick,Wileman,2272321220
262,Fanchette,Grimbaldeston,9322698831
263,Emilia,Petricek,4002086950
264,Clerc,MacLeese,5357520925
265,Amelita,Atton,4275793333
266,Ashli,Heminsley,4096195898
267,Eolande,Gosker,1264281391
268,Wynn,Levy,8574717815
269,Ellis,Lorrain,3364998025
270,Lexi,Dawley,3784078567
271,Risa,Wolledge,9184214480
272,Anstice,Ruller,4033033155
273,Sydelle,Purselow,5247635273
274,Tracie,Perchard,2988991308
275,Otho,Gasking,6369893826
276,Stanleigh,Sweatman,7446014458
277,Pammie,McGinny,3933559992
278,Forest,Bache,1732758771
279,Laney,Sommerled,2577240358
280,Kellsie,Pillinger,2298916661
281,Myriam,Cawthry,5537947489
282,Carmelia,Blinckhorne,8351649624
283,Fredric,Clausner,1788029679
284,Jenny,Timms,2743042544
285,Jess,Parish,5163485187
286,Quinlan,Elwill,5182231106
287,Granger,Tomasutti,3156095953
288,Melinda,Gateman,3597896850
289,Robin,Jankovsky,3006144266
290,Otho,Constantine,3146155451
291,Jaimie,Hackford,5525394950
292,Kally,McGifford,4488125040
293,Mathe,Dunbar,9691905448
294,Mikol,Summerrell,8055824155
295,Juliane,Marvin,3144752305
296,Myca,Maffetti,7937996869
297,Desdemona,Mitie,7213638521
298,Martelle,McBlain,7096045051
299,Devora,Haborn,5072067133
300,Dorthea,Taffs,2932447032
301,Hermann,McLae,2643803633
302,Korey,Chestney,8148850255
303,Nessy,McNamee,6942123152
304,Addy,Eades,6604572066
305,Diena,Ouver,7264149739
306,Jules,MacLeese,7049675421
307,Dodi,Mattevi,5046853326
308,Rufe,Denkel,3927806562
309,Carlen,Depke,7071690587
310,Kakalina,Bartzen,6008144707
311,Bendite,Klemz,1475973593
312,Adolphus,Emerton,1008382046
313,Myer,Radley,3635369030
314,Cari,Crosoer,9537514573
315,Baldwin,Maddicks,3814124308
316,Wilburt,Harteley,9657094781
317,Aviva,Cesaric,3919091098
318,Kirby,Bradden,9112117359
319,Augusto,Darcey,3935755533
320,Fax,Penman,5971827430
321,Datha,Bates,3348551127
322,Phip,Landman,5092523672
323,Biron,Priestman,9463674187
324,Coraline,Rawles,9977529176
325,Agosto,McKeighen,5493423743
326,Catha,Moxham,5621258659
327,Felipa,Targett,7498257547
328,Russell,Scorer,2935553983
329,Jedd,Raynes,9866600881
330,Ernestine,Spitaro,1038330282
331,Carling,Batty,7064301838
332,Obadias,Duckerin,3146368587
333,Cory,Meredyth,2438352322
334,Dot,Niblock,9871992170
335,Zabrina,Dederich,3438403132
336,Bartholomew,Maddocks,7638456489
337,Bank,Gatlin,9411779632
338,Regina,Brisard,5594855443
339,Lyda,Wimmers,8972666709
340,Althea,Bohler,9267598418
341,Catrina,Leveret,9996111489
342,Jessie,Borer,5331287119
343,Willard,Shellibeer,8444197421
344,Peta,Bramall,7572199257
345,Erminie,Thundercliffe,2814380373
346,Tillie,Bernini,4509195674
347,Terrill,Reedman,8432200180
348,Tabby,Mulhall,2559598337
349,Babb,Fritschel,8319568945
350,Sada,Pursglove,6897938802
351,Fanchon,Lanyon,5343943936
352,Robinson,Gregoli,7782681824
353,Tirrell,Lismore,2058692469
354,Irma,Karczinski,9645372605
355,Margarete,Nibley,3035124326
356,Brandi,Witt,6953739947
357,Burk,Havesides,5367800981
358,Faustina,Moreside,3761399242
359,Antonie,Connerly,5083286070
360,Gerri,Galliard,2497193161
361,Kelvin,Kevane,9643935953
362,Auberon,Poolton,4201495864
363,Yale,Cudiff,2027437276
364,Hendrik,Astin,2828813090
365,Constantine,Garces,4028420266
366,Ettie,Shrimpling,9933874208
367,Cal,Geany,8888523317
368,Ariana,Hearley,8091277801
369,Baudoin,McCaughen,7063617131
370,Hersh,Kyffin,3561416718
371,Ilysa,Durtnal,9436480381
372,Whittaker,Theobold,2963968207
373,Corine,Hughland,4319796074
374,Cris,Cranch,6928204748
375,Gisella,Peetermann,6036600951
376,Latrina,Laslett,3935832650
377,Bobby,Koop,9962791614
378,Joellen,Beart,5208652677
379,Northrop,Wiltshaw,1254051565
380,Myca,Bridgen,5488484682
381,Lorelle,Ramme,6978685895
382,Lorri,Roust,4528359476
383,Crichton,Storrie,5656682563
384,Ruthe,Curme,8928039721
385,Ola,Wyson,2761770367
386,Robin,Waymont,9964797660
387,Dalenna,Wethey,5889639115
388,Alisha,MacEveley,5319433368
389,Deana,Densell,7049753917
390,Bobinette,Croy,4515634488
391,Jonis,Morling,7711615559
392,Tadio,Frankema,8445713057
393,Jedediah,Prattin,9265200684
394,Angeline,Piche,1683372153
395,Asher,Thornborrow,9023430930
396,Romonda,Quigg,4353825989
397,Ezri,Shackell,2309877765
398,Hyacinthie,Heineking,4384448088
399,Field,Halesworth,1831489553
400,Maxi,Boor,4616888277
401,Keefe,Acklands,8538419030
402,Hurleigh,Harnell,9058450998
403,Isidore,Dunderdale,2169897992
404,Glenn,Llewellin,4935525540
405,Charlena,Crewe,4333619115
406,Lester,Mingasson,8635251557
407,Ardelis,Giblin,1524483786
408,Imelda,Bysaker,3454456509
409,Marco,Rudeforth,7729069308
410,Aldus,Connechie,3512956939
411,Sondra,Nunson,3825713798
412,Roselle,Blissett,6064644839
413,Marianna,Lynthal,4929457340
414,Hansiain,Caltun,1987682619
415,Percival,Fulger,7406922757
416,Ashlan,Baltrushaitis,7325369000
417,Arleta,Biskupek,1244454015
418,Dyanne,Beseke,4928075512
419,Adelbert,Piotrkowski,6127657163
420,Francesca,Drewery,7657599021
421,Lena,Niesel,7089267549
422,Kirby,Maasz,9943050938
423,Melodee,Breedy,8143472294
424,Frannie,Skelington,7128359127
425,Amalle,Fransseni,4453690658
426,Decca,Tinn,3232955426
427,Gaven,Aleshkov,3531588161
428,Hadria,Wardingly,3715596519
429,Berkley,Trays,3392159100
430,Elwira,Coolican,3674254263
431,Kira,Dyster,6931738120
432,Gladi,Hawker,7475031551
433,Gretchen,Portail,4951827493
434,Karola,Trude,4912055681
435,Antonin,Vanes,7659961080
436,Fin,Pennetti,9242892277
437,Desmund,Boxhill,9569337036
438,Bethany,Heckner,7422643530
439,Goldy,Daggett,9676063878
440,Christy,Casetta,8635756834
441,Saul,Redmell,9028461596
442,Wright,Slayton,1396596414
443,Tobey,Molloy,4315133889
444,Aigneis,Edgin,5916567122
445,Verine,McKeon,6661455109
446,Lazar,Eckly,5312551930
447,Ivar,Undy,9313027138
448,Astrid,Patrickson,3671556349
449,Netti,Bowfin,2107522561
450,Morissa,Tomasoni,8407235990
451,Nicolais,Isselee,5809854022
452,See,Zienkiewicz,3948148252
453,Ryley,Parlot,4815184926
454,Matias,Bavester,8441166112
455,Borg,Ciccotti,9578459321
456,Bent,Rosendahl,3394785269
457,Verene,Rickard,6146333920
458,Rhonda,McEvon,7571121892
459,Erina,Bruckental,1319045663
460,Gib,Copeman,1944986527
461,Karlie,MacKellar,2027811305
462,Broddy,Joicey,8705896356
463,Gabriello,Siemianowicz,9672610832
464,Pollyanna,Kingston,3013047980
465,Ree,Weedenburg,2949476288
466,Chen,Holbie,6218653704
467,Tonya,Greenhalf,3466551337
468,Hetty,Hounsham,7506226719
469,Priscilla,Giacubo,2888170466
470,Torey,Boyington,4982469219
471,Moyna,Vesque,3881929345
472,Grete,Kenningham,9683169594
473,Marthe,Fibbens,8981391962
474,Romy,Hamments,1305707190
475,Mamie,Sander,4806638480
476,Ignacio,Morson,9156877707
477,Trudy,Shildrick,5879654212
478,Jareb,Speeding,6628753042
479,Tomi,Crumby,7615497202
480,Alexina,Ruggieri,7671892970
481,Deena,Rushmere,5939160220
482,Batsheva,Peatheyjohns,1065982880
483,Pauletta,Avramovic,6804835087
484,Rosy,Demcik,4987457886
485,Chris,Fauguel,9282539002
486,Isabella,Feldhammer,2869088126
487,Thatch,Worstall,7682878457
488,Hale,Juares,8049923879
489,Scotty,Giacomasso,2772031374
490,Noby,Dennes,3547414304
491,Glynnis,Bickerdyke,2844696954
492,Lambert,Thewless,2786634346
493,Peadar,Tern,1237213288
494,Otto,Hayler,9044690120
495,Rubia,Marwood,7967260649
496,Jacqui,Leavold,7486597728
497,Betta,Esch,1953100599
498,Jordain,Scoterbosh,2397821552
499,Neddie,Firth,7999250300
500,Ginnie,Hebborne,1562775252
501,Grant,Bosher,1869345146
502,Ennis,Lashmar,7413924699
503,Tam,Coultous,1082231113
504,Chery,Goede,5182314980
505,Dallas,Winfrey,1682278371
506,Shae,Rapier,9677685581
507,Callida,Perrat,5146940133
508,Ambrose,Convery,6634830126
509,Janey,Bisseker,4685608991
510,Had,Harlock,9331996633
511,Cristionna,Weymouth,8525842266
512,Ogden,Frake,4148782248
513,Nevin,Parrish,5667042178
514,Fulvia,Schohier,2877416160
515,Armstrong,Parkhouse,8598313645
516,Lionello,Skepper,1158741475
517,Maye,Giorio,8367400641
518,Lolita,O'Leary,2965665403
519,Judah,Everton,8245276047
520,Kendrick,Swannack,1247797144
521,Tabby,Labrone,4579512217
522,Ellissa,Gook,5228003072
523,Quill,Hudspeth,1652288824
524,Valentine,Housam,5503011603
525,Bridie,Duncombe,6872745949
526,Wye,Iskowitz,1011035370
527,Nicoli,Gillaspy,7324787258
528,Tynan,Ralfe,6792342957
529,Ynez,Keefe,8065072762
530,Donal,Munday,6265360365
531,Meredith,Emson,8655444125
532,Kingsley,Skitteral,7613503702
533,Agretha,Capelin,4015852050
534,Trudi,Remer,8142329238
535,Randene,Robottom,6242271454
536,Gaven,Woodburne,3248978290
537,Lari,Worton,1826480533
538,Kassi,Challender,3043250788
539,Inna,Arnholdt,7081134462
540,Alys,Dreghorn,9784957167
541,Joby,Linturn,8678146469
542,Efrem,Connue,8399942210
543,Tull,Abrahamovitz,4063496939
544,Channa,Franschini,9911571085
545,Woodrow,Healks,5584565042
546,Ruggiero,Durrans,8725642120
547,Davy,Kildahl,1742495125
548,Madelena,Cockrell,8573717656
549,Hamish,Petford,3505123256
550,Stearn,Kilbourne,6591758031
551,Marlo,Dobeson,8323303844
552,Ailey,Le Marquis,7032765668
553,Ellie,Cullerne,2203256717
554,Nikoletta,Water,3305323655
555,Nixie,Haglington,4309552718
556,Jasmina,Underhill,6379521840
557,Chane,Guilloud,1907603191
558,Candace,Leverett,9089374498
559,Julina,Varran,1684999867
560,Corilla,Woolmore,8043376392
561,Jerri,Lydiatt,8653409342
562,Ingaborg,Chitson,3668726541
563,Shell,Sherlock,1401790317
564,Dana,Joicey,8181119881
565,Miof mela,Geeraert,1075729701
566,Maria,Wands,8484130815
567,Aloise,Wyleman,4484351452
568,Adlai,Hickford,5991953607
569,Keir,Raggatt,3082887208
570,Hilly,Zimmerman,5028584708
571,Wallache,Haversham,4124183875
572,Perri,Vakhrushin,6738019173
573,Doria,Dalgarnocht,8035287053
574,Fernandina,Groarty,7261369353
575,Killian,Joe,1295520671
576,Guglielma,Royall,6784945920
577,Maxim,Selland,4716643149
578,Jere,Poytres,1107462130
579,Dewain,Folley,3922006066
580,Abbot,Earl,5812159981
581,Rubia,Gersam,1718561076
582,Nikki,Sirr,9767555107
583,Kathrine,Perel,5738062904
584,Gillie,Gullivan,1451244992
585,Charmain,Matschuk,2025156831
586,Devland,Pagden,6978953993
587,Tommi,Rider,7228398349
588,Les,Beddo,7172121718
589,Jonathan,Boutell,1713874867
590,Griff,Linwood,9007299101
591,Nilson,Spriggs,2827442700
592,Tiffani,Cornner,1625844306
593,Elvina,Lillee,1004111953
594,Yovonnda,Dashkov,6799066810
595,Denny,Linebarger,7112015602
596,Fern,Stait,1042942877
597,Benita,Otton,7095722889
598,Hort,Sessuns,3252388356
599,Trista,Newcom,6536348676
600,Blinny,Wawer,4166953879
601,Salim,McGrudder,9388536380
602,Vally,Bartul,3242205627
603,Christabella,Ballantine,3376915497
604,Jammie,Skates,1832555742
605,Bryce,Spawell,1961948173
606,Rubie,Errigo,2033173664
607,Osborn,Charke,6527918076
608,Pearce,Binnall,7609745375
609,Loraine,Schapiro,4962494480
610,Coraline,Wingeat,5242916542
611,Editha,Parrington,7423986992
612,Beniamino,Embury,2529152196
613,Sukey,Digger,4911328886
614,Lane,Mac Giolla Pheadair,2021909792
615,Minnie,Busfield,6696393172
616,Tuesday,Manon,1226891812
617,Dareen,Lisle,3695974625
618,Tera,Yakobowitch,4557392490
619,Elinor,Roberson,1766828557
620,Oswald,Ackers,3724118017
621,Valdemar,Milch,6664058630
622,Benita,MattiCCI,3019627907
623,Stirling,Simione,3073358576
624,Mahalia,Bisatt,8017292653
625,Wainwright,Sidaway,3594551416
626,Yves,Kincla,4056782249
627,Karisa,Formie,2335448221
628,Evvy,Lathleiff,1736445604
629,Roxana,Culp,7908712602
630,Fletcher,Reihill,7135923126
631,Allan,Golbourn,2157365094
632,Tanner,Faichney,8345927047
633,Brynna,Bubbear,1677490915
634,Clyde,Hundley,2144156960
635,Britney,Nye,4005103882
636,Crosby,Middleditch,3994758799
637,Trstram,Scholefield,1795168266
638,May,Cakes,8247651274
639,Jehanna,Ellerington,8689543597
640,Halley,Weatherhead,2475229508
641,Nonnah,Trenfield,5832045822
642,Halette,Brissard,1903037216
643,Holly-anne,Meindl,2603403919
644,Whitaker,Giraths,3871107321
645,Thor,Pittle,8846398660
646,Pearla,Tarver,5257276043
647,Sharity,Tonnesen,5958801243
648,Lucretia,Haddy,9948483965
649,Johnny,Barraclough,9473378039
650,Martelle,Shevels,9152235277
651,Teirtza,Gowanson,7109219943
652,Rutger,Bysshe,8119456609
653,Brewer,Maus,3306643841
654,Josefina,Brasseur,6228249359
655,Bank,Venable,4111646459
656,Jerrie,Danigel,3866307971
657,Alfred,Sage,8295418952
658,Nisse,Brotherheed,3325887750
659,Arne,Beazer,3091309251
660,Terencio,Louca,2898496294
661,Eve,Matisoff,6335892595
662,Crichton,Bourdis,9626851185
663,Tania,Posner,5172021799
664,Osbert,Isgate,6266161679
665,Andria,Penreth,2451479827
666,Roxy,Slisby,9848088111
667,Lon,Morris,8632919574
668,Kandace,Durman,7279366158
669,Lennard,Adelsberg,6404980089
670,Ileane,Rubinowitsch,8464106868
671,Sybyl,Bearham,8395844993
672,Jarrod,Gamett,6198864655
673,Collin,Holtham,1646867450
674,Leslie,Reinbech,8486852207
675,Bernelle,Flindall,2024667673
676,Otto,Lawful,8662502680
677,Byrann,Aasaf,8449230114
678,Sigismundo,Marquand,5369642003
679,Felike,Vasilov,2478502900
680,Trudi,Curmi,2996270179
681,Clementia,Hoppner,2452928228
682,Blake,Pendlebery,7369366812
683,Dicky,Adan,2102575835
684,Gerrie,Guillard,2133568200
685,Annabela,Jelphs,6429522252
686,Celestine,Lewin,3715744873
687,Rebekah,Gludor,6637935278
688,Sindee,Robinett,7432453502
689,Haleigh,Lohrensen,3643434483
690,Milty,Murie,3999318767
691,Keriann,Josling,2147352216
692,Stanislas,Barmby,3498796458
693,Mandie,Colleford,2369656820
694,Joline,Losbie,4034490543
695,Claribel,Dingwall,3587566806
696,Gare,Stuckford,8081886737
697,Olympie,Millington,6147181039
698,Ola,Burchmore,4257866490
699,Jaimie,Kacheler,2027681666
700,Kelcey,Ferrolli,3796291856
701,Chickie,Sandercock,1227891352
702,Hedvig,Volage,9591167962
703,Lucais,Valti,3011455480
704,Egor,Glander,6632185476
705,Pauli,Lilywhite,9029995381
706,Hermina,Parman,9502868716
707,Riannon,Beacock,5072508827
708,Fairfax,Pinney,9349426051
709,Frankie,Stapford,8317589209
710,Malanie,Balchen,7956773454
711,Kippy,Gehringer,5869502966
712,Rochelle,Battyll,6853661500
713,Valle,Cochran,4794459897
714,Aharon,Taillant,1525062264
715,Phil,Southorn,7908143931
716,Curtice,Sandyfirth,5187601949
717,Ryon,Bradd,9656564497
718,Piper,Sprey,7949215499
719,Eula,Dunbabin,4778432497
720,Raf,Creedland,6945234550
721,Rance,Cobby,6779700066
722,Liane,Coston,1306994214
723,Arnold,Heath,9974049245
724,Jillene,Healing,3513181869
725,Ferrell,Whitfeld,1934061214
726,Amandy,Fortin,8378884555
727,Englebert,Norvel,3861239070
728,Meris,Vasyushkhin,7346080824
729,Lilian,Citrine,4388989872
730,Caron,Di Ruggero,3876571013
731,Alyce,Menary,9271312208
732,Wyatt,McCrudden,2937088735
733,Ardelis,Collelton,1557445081
734,Herta,Habbal,9908719504
735,Eirena,Quinnet,7454463956
736,Clare,Breacher,8982423584
737,Benita,Kerfoot,3455617240
738,Jeanette,Wannell,2864130617
739,Goldina,Toplis,3495990628
740,Timmy,Fawlks,1657837728
741,Cal,Biesterfeld,8205080276
742,Tonya,Brideaux,2307718982
743,Jeanelle,Matuszinski,4231434488
744,Guenevere,Byrne,5409788564
745,Shaw,Tuite,8749762872
746,Nathalie,Nibloe,8352248084
747,Tiphani,Maruszewski,6432538007
748,Dwain,Labet,2184192586
749,Rozanne,Kite,6481938141
750,Milo,Vero,6836619279
751,El,Scampion,5163539687
752,Cinderella,Almey,6408109644
753,Enos,Duckhouse,5648483388
754,Pearle,Dawtry,9391411037
755,Delcine,Garfoot,3708599677
756,Anselma,Boyne,3278642968
757,Melania,Dunseath,1481891232
758,Gottfried,Skeleton,1685458845
759,Livvyy,Walklett,6991548355
760,Marcel,Kennerley,4003764984
761,Tabina,Cunah,2662636096
762,Jacob,Gane,5223789619
763,Merell,Ibbitt,1654064159
764,Vania,Shapero,5978561626
765,Charmine,Pedro,8376156520
766,Lilias,Fice,7967250432
767,Dulcia,Pointon,1648172909
768,Cicely,Lohrensen,5847124905
769,Alyss,Augustine,1939294208
770,Cori,Heball,7778130646
771,Uta,Atthowe,2605663732
772,Kirby,Pennington,6253676476
773,Amos,Leband,9984515245
774,Abdul,Hellwig,9324272880
775,Timothee,Berens,7646649758
776,Finlay,Rucklidge,9843140577
777,Rafa,Absalom,7153596846
778,Colan,Cornilli,8553039448
779,Wynn,Hens,7557619740
780,Jacinthe,Matuska,9089520298
781,Yolanda,Jaycox,1146676128
782,Svend,Hammerich,2917065699
783,Benoit,Macklin,7297898719
784,Charleen,De Marchi,5601080210
785,Rosette,Berthot,6708786978
786,Reinold,O'Codihie,7674472173
787,Feodora,Chipman,2862818553
788,Lindy,Wadsworth,1169045234
789,Gladi,Filppetti,9854577142
790,Harley,Thorrold,2901181874
791,Vernon,Cornelis,3223598797
792,Jobina,Gladtbach,7018615392
793,Valeria,Thorns,9044867346
794,Cassondra,Fawlks,4313238911
795,Delia,Gligorijevic,1622189224
796,Nikolai,Sedgeworth,7641938381
797,Angelo,Bartolozzi,4025021682
798,Lucian,Ferrari,6067193659
799,Zsazsa,Kevane,6585352243
800,Emmery,Seabrooke,8466507517
801,Leontyne,Franken,7959912947
802,Muffin,Cordaroy,9698928281
803,Joya,Sugars,1348902056
804,Roselle,Yanyshev,5343618912
805,Dina,Clewer,3218839513
806,Annmaria,Bowring,5627077064
807,Yuri,Yanne,8058635727
808,Quincy,Daniell,6897969390
809,Lamont,Beneix,2264260504
810,Jourdan,Fossey,6832406697
811,Fabian,Lamble,5246644073
812,Vale,Hughes,6339841330
813,Jackqueline,Crothers,8026789071
814,Stephannie,Summergill,7761528696
815,Maritsa,McArley,4128650562
816,Darlene,Baunton,4151598671
817,Prue,Massie,7818195190
818,Faulkner,Cotsford,1354094308
819,Rozalie,Tull,5417176958
820,Scott,Mingotti,3812178848
821,Raimundo,Olding,6266168600
822,Beth,Jefferson,9602819595
823,Bren,Gonzalvo,4135518366
824,Regen,Hampton,1961739443
825,Yovonnda,Simcock,1988910289
826,Deena,Blasing,3971220670
827,Guthrey,Nyland,1814482460
828,Killian,Ingliss,1934934966
829,Florencia,Iacopetti,2647554082
830,Vanny,Rosenschein,3649858334
831,Madelaine,Canario,2956919211
832,Jamey,Nealey,8062481926
833,Adolphus,Dinneen,3416639618
834,Arvin,Skechley,9168898994
835,Jeniffer,Apperley,9909045009
836,Law,Gaisford,4398945007
837,Korrie,McCarle,7509458296
838,Grier,Magowan,8894764825
839,Robby,Kirsz,4145824775
840,Lucien,Domelow,1407145595
841,Ally,Carty,1952197130
842,Pace,Casetti,7299449007
843,Savina,Piscopiello,8805329074
844,Christyna,Sergison,2158750426
845,Deloria,Gepson,5399990840
846,Hesther,Kenningham,7282533013
847,Clement,Hymer,5396062163
848,Robinett,Glassman,2189907958
849,Halsey,Dable,8702320138
850,Garner,Wilds,9417155606
851,Selena,Lyndon,2415769015
852,Tanhya,Cattow,8359707895
853,Jarrid,Badam,2554654269
854,Windham,Nuttall,5842652168
855,Bunni,Shann,8774383449
856,Farica,Coarser,1834367193
857,Aaron,Maxwaile,5446618418
858,Cornelia,Slavin,9693334642
859,Quincey,Shepherd,5037695566
860,Chrysa,Theyer,2057785334
861,Stephi,Wentworth,1475037423
862,Ailbert,Culshaw,4828743259
863,Tamqrah,Feldharker,3239267941
864,Mercie,Pittwood,3213967599
865,Dollie,Mebs,5889051032
866,Bessie,Hurst,6418217210
867,Kay,Hoodless,4764033199
868,Gran,Skrzynski,1067703546
869,Chaddie,Degoe,9878035479
870,Isa,Garfitt,8507068877
871,Anthiathia,Binley,8042477871
872,Hermina,Fearenside,9031167588
873,Brody,Brodeau,4844151910
874,Denyse,O'Shevlin,6324996556
875,Tanya,Skillen,4288614195
876,Jermayne,Geistmann,1592821097
877,Wilek,MacGregor,5704059541
878,Alina,Bracey,7675622325
879,Ruthe,Lethby,5891119160
880,Marcelo,Baglow,7223268907
881,Livy,Stancer,9979297481
882,Scarface,Breem,8654760211
883,Gabriele,Sturr,4552300390
884,Alfy,Duffy,6177559711
885,Fabien,Signe,8902835985
886,Phyllis,Suddards,6892273634
887,Ailina,Snooks,5601460797
888,Linnet,Garnett,6701422450
889,Frasco,Shenton,1811718652
890,Lenna,Burfitt,3905008713
891,Rockwell,Burvill,8927527537
892,Sybil,Saben,1123643360
893,Darren,Lampl,1441511730
894,Borg,Kipling,8813436809
895,Dreddy,Bansal,7311002417
896,Rosemonde,Lyenyng,6273115890
897,Goddart,Struss,6438641091
898,Kalvin,Coger,4207269287
899,Yulma,Cogley,2066761975
900,Ronny,Drissell,9062052283
901,Garland,Gierke,2711387774
902,Janka,Kenner,6733089685
903,Jacquie,Farrears,5008284552
904,Alanna,Thebeaud,4756770104
905,Christabella,Widdison,5868332153
906,Appolonia,Ferson,7447377453
907,Fergus,Wenban,9923367400
908,Lorelle,Darthe,8253404115
909,Sisely,Gillani,1433283263
910,Cosimo,Linggood,3898541486
911,Trevar,Lain,7969746982
912,Lane,Goulding,1533152755
913,Miran,Driffe,6872330770
914,Maighdiln,Coviello,8021475736
915,Desiri,Baildon,1581087479
916,Farrell,Smythe,8604615586
917,Enrique,Bernardt,1522105495
918,Maighdiln,Carslake,1519919055
919,Valery,Luxton,5569567547
920,Tildy,Moseby,8998930082
921,Agnola,Bodesson,4069628098
922,Florella,Amoss,9134387766
923,Lucille,Randles,9204586974
924,Etheline,Tynemouth,6938109343
925,Elfreda,Ubee,3286149474
926,Arturo,Kilpatrick,8694764238
927,Crichton,Chalke,7676097481
928,Jordana,Baise,5108837670
929,Jobina,Ridge,7164691183
930,Yuma,Oloman,8313034062
931,Esteban,Surpliss,2953805002
932,Shurlock,Alyonov,9209289775
933,Brig,Mabey,9792050484
934,Paxton,Skingley,7872252758
935,Daffy,Geffinger,6036728611
936,Aldwin,Jefferys,6534576209
937,Roobbie,Lovejoy,6609400432
938,Caril,Clute,2459243603
939,Raimundo,Barabisch,6052231338
940,Ruthe,Scopyn,7096912118
941,Sibeal,Wickson,7895367362
942,Thurston,Fernando,1808625788
943,Orton,Laden,7644590773
944,Jamima,Pitsall,3519446412
945,Carleen,McNulty,5268145618
946,Waldemar,Chesney,8345218563
947,Geri,Jenicek,2862450933
948,Sybyl,Linster,5116703511
949,Sephira,Rickesies,4402621571
950,Chaddie,Iacovone,9315799437
951,Leandra,Leak,9481703384
952,Debra,Venn,7544892448
953,Adriane,Celez,4817928699
954,Dan,Coffelt,8049132406
955,Harris,Aaronson,9378581527
956,Alaric,Blaes,6144492267
957,Rubin,Peres,5905810770
958,Dare,Baff,4825790873
959,Ozzie,Noquet,1118680724
960,Elena,Winspeare,9858139081
961,Emmey,Bexon,6967122349
962,Tate,Keppe,1195589192
963,Devin,Vernay,2812924921
964,Loutitia,Leatherbarrow,8355471605
965,Dena,Van der Merwe,5067244749
966,Blair,Waiting,3712618786
967,Rowney,Daton,3962023284
968,Thoma,Purry,1613210359
969,Barnabe,Vasiliu,4553342109
970,Raynard,Becke,6736899833
971,Matilda,Pedroli,9266975812
972,Raina,Handover,2024265125
973,Myra,Sessuns,7714157699
974,Wheeler,Delahunty,7888168176
975,Tod,Stadden,3889303902
976,Opaline,Morlon,1404365175
977,Connor,Minshaw,9294831671
978,Aileen,Shuttle,4075886241
979,Malvina,Levington,5923614913
980,Arlana,Stubbert,9875350129
981,Mackenzie,Moat,7089062950
982,Moshe,Falkus,3019795438
983,Marcelia,Moscon,6184938068
984,Claudette,Sibbering,6809575109
985,Marve,Jacquemot,5502431914
986,Tades,Mordin,4396940913
987,Star,Titmus,3482720158
988,Douglas,Millery,7197316779
989,Denver,Arunowicz,6109543799
990,Hillary,Burde,8954249233
991,Torrey,Nairy,6793149528
992,Hayward,Faustin,9261859005
993,Sutton,Duchesne,5586826029
994,Germain,Omar,1423667234
995,Constantine,Grievson,1763307557
996,Aigneis,Bellison,1263120701
997,Willey,Luno,7258685722
998,Melinde,Unsworth,3406479120
999,Aggi,Alu,8609235228
1000,Joelle,Cottingham,5118175674
